iter	Logloss
0	0.6862335621
1	0.678501619
2	0.6718233534
3	0.6648695574
4	0.6586889196
5	0.6526613905
6	0.6463574271
7	0.6408789711
8	0.6346340973
9	0.6288558538
10	0.6237224016
11	0.6191350976
12	0.6145103296
13	0.6096572665
14	0.6048920682
15	0.6003614211
16	0.5959953034
17	0.5914110115
18	0.5868905733
19	0.5828310355
20	0.5782468616
21	0.5742956125
22	0.5705481022
23	0.5661924956
24	0.5621371397
25	0.5586422612
26	0.5550556382
27	0.5514247508
28	0.5481668537
29	0.5449258531
