iter	Logloss
0	0.665275003
1	0.638265968
2	0.6201399104
3	0.5968179124
4	0.5759652912
5	0.5577772397
6	0.5416110833
7	0.5250851416
8	0.5103085386
9	0.4982121042
10	0.4873813741
11	0.4766242518
12	0.4647346366
13	0.4568337432
14	0.4476316237
15	0.4393113444
16	0.432830501
17	0.4265432304
18	0.4202788248
19	0.4148740988
20	0.4098555864
21	0.4041846359
22	0.3996211874
23	0.3943906792
24	0.3900832762
25	0.385956356
26	0.3844028734
27	0.3815516997
28	0.3780283145
29	0.373661388
